{
  "dot": {
    "Life": {
      "integrated_information": 0.1,
      "temporal_coherence": 0,
      "compression_ratio": 0.019801980198019802,
      "growth_factor": 0.0,
      "period": 1,
      "overall": 0.03993399339933994
    },
    "HighLife": {
      "integrated_information": 0.1,
      "temporal_coherence": 0,
      "compression_ratio": 0.019801980198019802,
      "growth_factor": 0.0,
      "period": 1,
      "overall": 0.03993399339933994
    },
    "Day & Night": {
      "integrated_information": 0.1,
      "temporal_coherence": 0,
      "compression_ratio": 0.019801980198019802,
      "growth_factor": 0.0,
      "period": 1,
      "overall": 0.03993399339933994
    },
    "Seeds": {
      "integrated_information": 0.1,
      "temporal_coherence": 0,
      "compression_ratio": 0.019801980198019802,
      "growth_factor": 0.0,
      "period": 1,
      "overall": 0.03993399339933994
    },
    "Life34": {
      "integrated_information": 0.1,
      "temporal_coherence": 0,
      "compression_ratio": 0.019801980198019802,
      "growth_factor": 0.0,
      "period": 1,
      "overall": 0.03993399339933994
    },
    "Maze": {
      "integrated_information": 0.1,
      "temporal_coherence": 0,
      "compression_ratio": 0.019801980198019802,
      "growth_factor": 0.0,
      "period": 1,
      "overall": 0.03993399339933994
    }
  },
  "domino_h": {
    "Life": {
      "integrated_information": 0.1,
      "temporal_coherence": 0,
      "compression_ratio": 0.019801980198019802,
      "growth_factor": 0.0,
      "period": 1,
      "overall": 0.03993399339933994
    },
    "HighLife": {
      "integrated_information": 0.1,
      "temporal_coherence": 0,
      "compression_ratio": 0.019801980198019802,
      "growth_factor": 0.0,
      "period": 1,
      "overall": 0.03993399339933994
    },
    "Day & Night": {
      "integrated_information": 0.1,
      "temporal_coherence": 0,
      "compression_ratio": 0.019801980198019802,
      "growth_factor": 0.0,
      "period": 1,
      "overall": 0.03993399339933994
    },
    "Seeds": {
      "integrated_information": 0.0,
      "temporal_coherence": 0.0,
      "compression_ratio": 1.0,
      "growth_factor": 4.0,
      "period": 101,
      "overall": 0.3333333333333333
    },
    "Life34": {
      "integrated_information": 0.1,
      "temporal_coherence": 0,
      "compression_ratio": 0.019801980198019802,
      "growth_factor": 0.0,
      "period": 1,
      "overall": 0.03993399339933994
    },
    "Maze": {
      "integrated_information": 1.0,
      "temporal_coherence": 1.0,
      "compression_ratio": 0.009900990099009901,
      "growth_factor": 1.0,
      "period": 1,
      "overall": 0.66996699669967
    }
  },
  "domino_v": {
    "Life": {
      "integrated_information": 0.1,
      "temporal_coherence": 0,
      "compression_ratio": 0.019801980198019802,
      "growth_factor": 0.0,
      "period": 1,
      "overall": 0.03993399339933994
    },
    "HighLife": {
      "integrated_information": 0.1,
      "temporal_coherence": 0,
      "compression_ratio": 0.019801980198019802,
      "growth_factor": 0.0,
      "period": 1,
      "overall": 0.03993399339933994
    },
    "Day & Night": {
      "integrated_information": 0.1,
      "temporal_coherence": 0,
      "compression_ratio": 0.019801980198019802,
      "growth_factor": 0.0,
      "period": 1,
      "overall": 0.03993399339933994
    },
    "Seeds": {
      "integrated_information": 0.0,
      "temporal_coherence": 0.0,
      "compression_ratio": 1.0,
      "growth_factor": 4.0,
      "period": 101,
      "overall": 0.3333333333333333
    },
    "Life34": {
      "integrated_information": 0.1,
      "temporal_coherence": 0,
      "compression_ratio": 0.019801980198019802,
      "growth_factor": 0.0,
      "period": 1,
      "overall": 0.03993399339933994
    },
    "Maze": {
      "integrated_information": 1.0,
      "temporal_coherence": 1.0,
      "compression_ratio": 0.009900990099009901,
      "growth_factor": 1.0,
      "period": 1,
      "overall": 0.66996699669967
    }
  },
  "blinker": {
    "Life": {
      "integrated_information": 0.19999999999999996,
      "temporal_coherence": 0.19999999999999996,
      "compression_ratio": 0.019801980198019802,
      "growth_factor": 1.0,
      "period": 2,
      "overall": 0.1399339933993399
    },
    "HighLife": {
      "integrated_information": 0.19999999999999996,
      "temporal_coherence": 0.19999999999999996,
      "compression_ratio": 0.019801980198019802,
      "growth_factor": 1.0,
      "period": 2,
      "overall": 0.1399339933993399
    },
    "Day & Night": {
      "integrated_information": 0.1,
      "temporal_coherence": 0.0,
      "compression_ratio": 0.0297029702970297,
      "growth_factor": 0.0,
      "period": 1,
      "overall": 0.043234323432343236
    },
    "Seeds": {
      "integrated_information": 0.1,
      "temporal_coherence": 0.0,
      "compression_ratio": 0.0594059405940594,
      "growth_factor": 0.0,
      "period": 1,
      "overall": 0.05313531353135314
    },
    "Life34": {
      "integrated_information": 0.1,
      "temporal_coherence": 0.0,
      "compression_ratio": 0.0297029702970297,
      "growth_factor": 0.0,
      "period": 1,
      "overall": 0.043234323432343236
    },
    "Maze": {
      "integrated_information": 0.31704724253211897,
      "temporal_coherence": 0.9763284493284493,
      "compression_ratio": 0.06930693069306931,
      "growth_factor": 8.0,
      "period": 1,
      "overall": 0.4542275408512126
    }
  },
  "L_shape": {
    "Life": {
      "integrated_information": 0.7746477343594088,
      "temporal_coherence": 0.9975,
      "compression_ratio": 0.019801980198019802,
      "growth_factor": 1.3333333333333333,
      "period": 1,
      "overall": 0.5973165715191429
    },
    "HighLife": {
      "integrated_information": 0.7746477343594088,
      "temporal_coherence": 0.9975,
      "compression_ratio": 0.019801980198019802,
      "growth_factor": 1.3333333333333333,
      "period": 1,
      "overall": 0.5973165715191429
    },
    "Day & Night": {
      "integrated_information": 0.1,
      "temporal_coherence": 0.0,
      "compression_ratio": 0.0297029702970297,
      "growth_factor": 0.0,
      "period": 1,
      "overall": 0.043234323432343236
    },
    "Seeds": {
      "integrated_information": 0.1,
      "temporal_coherence": 0.0,
      "compression_ratio": 1.0,
      "growth_factor": 1219.6666666666667,
      "period": 101,
      "overall": 0.3666666666666667
    },
    "Life34": {
      "integrated_information": 0.1,
      "temporal_coherence": 0.0,
      "compression_ratio": 0.0297029702970297,
      "growth_factor": 0.0,
      "period": 1,
      "overall": 0.043234323432343236
    },
    "Maze": {
      "integrated_information": 0.7746477343594088,
      "temporal_coherence": 0.9975,
      "compression_ratio": 0.019801980198019802,
      "growth_factor": 1.3333333333333333,
      "period": 1,
      "overall": 0.5973165715191429
    }
  },
  "block": {
    "Life": {
      "integrated_information": 1.0,
      "temporal_coherence": 1.0,
      "compression_ratio": 0.009900990099009901,
      "growth_factor": 1.0,
      "period": 1,
      "overall": 0.66996699669967
    },
    "HighLife": {
      "integrated_information": 1.0,
      "temporal_coherence": 1.0,
      "compression_ratio": 0.009900990099009901,
      "growth_factor": 1.0,
      "period": 1,
      "overall": 0.66996699669967
    },
    "Day & Night": {
      "integrated_information": 1.0,
      "temporal_coherence": 1.0,
      "compression_ratio": 0.009900990099009901,
      "growth_factor": 1.0,
      "period": 1,
      "overall": 0.66996699669967
    },
    "Seeds": {
      "integrated_information": 0.1,
      "temporal_coherence": 0.0,
      "compression_ratio": 1.0,
      "growth_factor": 1169.0,
      "period": 101,
      "overall": 0.3666666666666667
    },
    "Life34": {
      "integrated_information": 1.0,
      "temporal_coherence": 1.0,